<?xml version="1.0" encoding="utf-8"?>
<annotation>
<folder>images</folder>
<filename>008e76c0-cat-4218424__340.jpg</filename>
<source>
<database>MyDatabase</database>
<annotation>COCO2017</annotation>
<image>flickr</image>
<flickrid>NULL</flickrid>
<annotator>1</annotator>
</source>
<owner>
<flickrid>NULL</flickrid>
<name>Label Studio</name>
</owner>
<size>
<width>542</width>
<height>340</height>
<depth>3</depth>
</size>
<segmented>0</segmented>
<object>
<name>Cat</name>
<pose>Unspecified</pose>
<truncated>0</truncated>
<difficult>0</difficult>
<bndbox>
<xmin>170</xmin>
<ymin>10</ymin>
<xmax>425</xmax>
<ymax>338</ymax>
</bndbox>
</object>
</annotation>
