<?xml version="1.0" encoding="utf-8"?>
<annotation>
<folder>images</folder>
<filename>015eb00c-istockphoto-1385217969-170667a.jpg</filename>
<source>
<database>MyDatabase</database>
<annotation>COCO2017</annotation>
<image>flickr</image>
<flickrid>NULL</flickrid>
<annotator>1</annotator>
</source>
<owner>
<flickrid>NULL</flickrid>
<name>Label Studio</name>
</owner>
<size>
<width>470</width>
<height>367</height>
<depth>3</depth>
</size>
<segmented>0</segmented>
<object>
<name>Cat</name>
<pose>Unspecified</pose>
<truncated>0</truncated>
<difficult>0</difficult>
<bndbox>
<xmin>21</xmin>
<ymin>40</ymin>
<xmax>408</xmax>
<ymax>330</ymax>
</bndbox>
</object>
</annotation>
