<?xml version="1.0" encoding="utf-8"?>
<annotation>
<folder>images</folder>
<filename>0161b3d8-Cat_November_2010-1a.jpg</filename>
<source>
<database>MyDatabase</database>
<annotation>COCO2017</annotation>
<image>flickr</image>
<flickrid>NULL</flickrid>
<annotator>1</annotator>
</source>
<owner>
<flickrid>NULL</flickrid>
<name>Label Studio</name>
</owner>
<size>
<width>1200</width>
<height>1602</height>
<depth>3</depth>
</size>
<segmented>0</segmented>
<object>
<name>Cat</name>
<pose>Unspecified</pose>
<truncated>0</truncated>
<difficult>0</difficult>
<bndbox>
<xmin>257</xmin>
<ymin>183</ymin>
<xmax>1105</xmax>
<ymax>1524</ymax>
</bndbox>
</object>
</annotation>
