<?xml version="1.0" encoding="utf-8"?>
<annotation>
<folder>images</folder>
<filename>0366f0b3-330px-Sphinx2_July_2006.jpg</filename>
<source>
<database>MyDatabase</database>
<annotation>COCO2017</annotation>
<image>flickr</image>
<flickrid>NULL</flickrid>
<annotator>1</annotator>
</source>
<owner>
<flickrid>NULL</flickrid>
<name>Label Studio</name>
</owner>
<size>
<width>330</width>
<height>440</height>
<depth>3</depth>
</size>
<segmented>0</segmented>
<object>
<name>Cat</name>
<pose>Unspecified</pose>
<truncated>0</truncated>
<difficult>0</difficult>
<bndbox>
<xmin>85</xmin>
<ymin>12</ymin>
<xmax>288</xmax>
<ymax>426</ymax>
</bndbox>
</object>
</annotation>
