<?xml version="1.0" encoding="utf-8"?>
<annotation>
<folder>images</folder>
<filename>09b86158-IMG_20190130_182732.jpg</filename>
<source>
<database>MyDatabase</database>
<annotation>COCO2017</annotation>
<image>flickr</image>
<flickrid>NULL</flickrid>
<annotator>1</annotator>
</source>
<owner>
<flickrid>NULL</flickrid>
<name>Label Studio</name>
</owner>
<size>
<width>318</width>
<height>238</height>
<depth>3</depth>
</size>
<segmented>0</segmented>
<object>
<name>Cat</name>
<pose>Unspecified</pose>
<truncated>0</truncated>
<difficult>0</difficult>
<bndbox>
<xmin>0</xmin>
<ymin>53</ymin>
<xmax>202</xmax>
<ymax>164</ymax>
</bndbox>
</object>
</annotation>
