<?xml version="1.0" encoding="utf-8"?>
<annotation>
<folder>images</folder>
<filename>1b97d2a9-istockphoto-1368035536-170667a.jpg</filename>
<source>
<database>MyDatabase</database>
<annotation>COCO2017</annotation>
<image>flickr</image>
<flickrid>NULL</flickrid>
<annotator>1</annotator>
</source>
<owner>
<flickrid>NULL</flickrid>
<name>Label Studio</name>
</owner>
<size>
<width>510</width>
<height>338</height>
<depth>3</depth>
</size>
<segmented>0</segmented>
<object>
<name>Cat</name>
<pose>Unspecified</pose>
<truncated>0</truncated>
<difficult>0</difficult>
<bndbox>
<xmin>143</xmin>
<ymin>28</ymin>
<xmax>337</xmax>
<ymax>336</ymax>
</bndbox>
</object>
</annotation>
