<?xml version="1.0" encoding="utf-8"?>
<annotation>
<folder>images</folder>
<filename>1e9b3619-istockphoto-1361394182-170667a.jpg</filename>
<source>
<database>MyDatabase</database>
<annotation>COCO2017</annotation>
<image>flickr</image>
<flickrid>NULL</flickrid>
<annotator>1</annotator>
</source>
<owner>
<flickrid>NULL</flickrid>
<name>Label Studio</name>
</owner>
<size>
<width>509</width>
<height>339</height>
<depth>3</depth>
</size>
<segmented>0</segmented>
<object>
<name>Cat</name>
<pose>Unspecified</pose>
<truncated>0</truncated>
<difficult>0</difficult>
<bndbox>
<xmin>29</xmin>
<ymin>39</ymin>
<xmax>388</xmax>
<ymax>338</ymax>
</bndbox>
</object>
</annotation>
