<?xml version="1.0" encoding="utf-8"?>
<annotation>
<folder>images</folder>
<filename>2726bac4-800px-Siam_lilacpoint.jpg</filename>
<source>
<database>MyDatabase</database>
<annotation>COCO2017</annotation>
<image>flickr</image>
<flickrid>NULL</flickrid>
<annotator>1</annotator>
</source>
<owner>
<flickrid>NULL</flickrid>
<name>Label Studio</name>
</owner>
<size>
<width>800</width>
<height>815</height>
<depth>3</depth>
</size>
<segmented>0</segmented>
<object>
<name>Cat</name>
<pose>Unspecified</pose>
<truncated>0</truncated>
<difficult>0</difficult>
<bndbox>
<xmin>145</xmin>
<ymin>55</ymin>
<xmax>698</xmax>
<ymax>803</ymax>
</bndbox>
</object>
</annotation>
