<?xml version="1.0" encoding="utf-8"?>
<annotation>
<folder>images</folder>
<filename>2b1d17bf-PXL_20201101_162109237.jpg</filename>
<source>
<database>MyDatabase</database>
<annotation>COCO2017</annotation>
<image>flickr</image>
<flickrid>NULL</flickrid>
<annotator>1</annotator>
</source>
<owner>
<flickrid>NULL</flickrid>
<name>Label Studio</name>
</owner>
<size>
<width>659</width>
<height>880</height>
<depth>3</depth>
</size>
<segmented>0</segmented>
<object>
<name>Cat</name>
<pose>Unspecified</pose>
<truncated>0</truncated>
<difficult>0</difficult>
<bndbox>
<xmin>233</xmin>
<ymin>300</ymin>
<xmax>486</xmax>
<ymax>570</ymax>
</bndbox>
</object>
</annotation>
