<?xml version="1.0" encoding="utf-8"?>
<annotation>
<folder>images</folder>
<filename>35f818eb-Old-Style_Balinese_Cat.jpg</filename>
<source>
<database>MyDatabase</database>
<annotation>COCO2017</annotation>
<image>flickr</image>
<flickrid>NULL</flickrid>
<annotator>1</annotator>
</source>
<owner>
<flickrid>NULL</flickrid>
<name>Label Studio</name>
</owner>
<size>
<width>330</width>
<height>240</height>
<depth>4</depth>
</size>
<segmented>0</segmented>
<object>
<name>Cat</name>
<pose>Unspecified</pose>
<truncated>0</truncated>
<difficult>0</difficult>
<bndbox>
<xmin>38</xmin>
<ymin>18</ymin>
<xmax>327</xmax>
<ymax>204</ymax>
</bndbox>
</object>
</annotation>
