<?xml version="1.0" encoding="utf-8"?>
<annotation>
<folder>images</folder>
<filename>525406cd-FB_IMG_1606164883304.jpg</filename>
<source>
<database>MyDatabase</database>
<annotation>COCO2017</annotation>
<image>flickr</image>
<flickrid>NULL</flickrid>
<annotator>1</annotator>
</source>
<owner>
<flickrid>NULL</flickrid>
<name>Label Studio</name>
</owner>
<size>
<width>720</width>
<height>720</height>
<depth>3</depth>
</size>
<segmented>0</segmented>
<object>
<name>Cat</name>
<pose>Unspecified</pose>
<truncated>0</truncated>
<difficult>0</difficult>
<bndbox>
<xmin>148</xmin>
<ymin>100</ymin>
<xmax>470</xmax>
<ymax>598</ymax>
</bndbox>
</object>
</annotation>
