<?xml version="1.0" encoding="utf-8"?>
<annotation>
<folder>images</folder>
<filename>54e19208-800px-Gustav_chocolate.jpg</filename>
<source>
<database>MyDatabase</database>
<annotation>COCO2017</annotation>
<image>flickr</image>
<flickrid>NULL</flickrid>
<annotator>1</annotator>
</source>
<owner>
<flickrid>NULL</flickrid>
<name>Label Studio</name>
</owner>
<size>
<width>800</width>
<height>1142</height>
<depth>3</depth>
</size>
<segmented>0</segmented>
<object>
<name>Cat</name>
<pose>Unspecified</pose>
<truncated>0</truncated>
<difficult>0</difficult>
<bndbox>
<xmin>107</xmin>
<ymin>139</ymin>
<xmax>697</xmax>
<ymax>1039</ymax>
</bndbox>
</object>
</annotation>
