<?xml version="1.0" encoding="utf-8"?>
<annotation>
<folder>images</folder>
<filename>56107afa-330px-Savannah_Cat_portrait.jpg</filename>
<source>
<database>MyDatabase</database>
<annotation>COCO2017</annotation>
<image>flickr</image>
<flickrid>NULL</flickrid>
<annotator>1</annotator>
</source>
<owner>
<flickrid>NULL</flickrid>
<name>Label Studio</name>
</owner>
<size>
<width>330</width>
<height>495</height>
<depth>3</depth>
</size>
<segmented>0</segmented>
<object>
<name>Cat</name>
<pose>Unspecified</pose>
<truncated>0</truncated>
<difficult>0</difficult>
<bndbox>
<xmin>65</xmin>
<ymin>31</ymin>
<xmax>328</xmax>
<ymax>483</ymax>
</bndbox>
</object>
</annotation>
