<?xml version="1.0" encoding="utf-8"?>
<annotation>
<folder>images</folder>
<filename>56615886-1280px-Domestic_Cat_Face_Shot.jpg</filename>
<source>
<database>MyDatabase</database>
<annotation>COCO2017</annotation>
<image>flickr</image>
<flickrid>NULL</flickrid>
<annotator>1</annotator>
</source>
<owner>
<flickrid>NULL</flickrid>
<name>Label Studio</name>
</owner>
<size>
<width>1280</width>
<height>853</height>
<depth>3</depth>
</size>
<segmented>0</segmented>
<object>
<name>Cat</name>
<pose>Unspecified</pose>
<truncated>0</truncated>
<difficult>0</difficult>
<bndbox>
<xmin>99</xmin>
<ymin>117</ymin>
<xmax>959</xmax>
<ymax>848</ymax>
</bndbox>
</object>
</annotation>
