<?xml version="1.0" encoding="utf-8"?>
<annotation>
<folder>images</folder>
<filename>56918e97-330px-Paintedcats_Red_Star_standing.jpg</filename>
<source>
<database>MyDatabase</database>
<annotation>COCO2017</annotation>
<image>flickr</image>
<flickrid>NULL</flickrid>
<annotator>1</annotator>
</source>
<owner>
<flickrid>NULL</flickrid>
<name>Label Studio</name>
</owner>
<size>
<width>330</width>
<height>424</height>
<depth>3</depth>
</size>
<segmented>0</segmented>
<object>
<name>Cat</name>
<pose>Unspecified</pose>
<truncated>0</truncated>
<difficult>0</difficult>
<bndbox>
<xmin>55</xmin>
<ymin>53</ymin>
<xmax>271</xmax>
<ymax>392</ymax>
</bndbox>
</object>
</annotation>
