<?xml version="1.0" encoding="utf-8"?>
<annotation>
<folder>images</folder>
<filename>6f7807d2-330px-Thor_turkish_van.jpg</filename>
<source>
<database>MyDatabase</database>
<annotation>COCO2017</annotation>
<image>flickr</image>
<flickrid>NULL</flickrid>
<annotator>1</annotator>
</source>
<owner>
<flickrid>NULL</flickrid>
<name>Label Studio</name>
</owner>
<size>
<width>330</width>
<height>247</height>
<depth>3</depth>
</size>
<segmented>0</segmented>
<object>
<name>Cat</name>
<pose>Unspecified</pose>
<truncated>0</truncated>
<difficult>0</difficult>
<bndbox>
<xmin>21</xmin>
<ymin>49</ymin>
<xmax>279</xmax>
<ymax>234</ymax>
</bndbox>
</object>
</annotation>
