<?xml version="1.0" encoding="utf-8"?>
<annotation>
<folder>images</folder>
<filename>8e5f9e0e-Romeo-and-Juliet.jpg</filename>
<source>
<database>MyDatabase</database>
<annotation>COCO2017</annotation>
<image>flickr</image>
<flickrid>NULL</flickrid>
<annotator>1</annotator>
</source>
<owner>
<flickrid>NULL</flickrid>
<name>Label Studio</name>
</owner>
<size>
<width>570</width>
<height>528</height>
<depth>3</depth>
</size>
<segmented>0</segmented>
<object>
<name>Cat</name>
<pose>Unspecified</pose>
<truncated>0</truncated>
<difficult>0</difficult>
<bndbox>
<xmin>233</xmin>
<ymin>291</ymin>
<xmax>405</xmax>
<ymax>499</ymax>
</bndbox>
</object>
<object>
<name>Cat</name>
<pose>Unspecified</pose>
<truncated>0</truncated>
<difficult>0</difficult>
<bndbox>
<xmin>348</xmin>
<ymin>63</ymin>
<xmax>388</xmax>
<ymax>103</ymax>
</bndbox>
</object>
</annotation>
