<?xml version="1.0" encoding="utf-8"?>
<annotation>
<folder>images</folder>
<filename>acdf4a55-330px-White_Persian_Cat.jpg</filename>
<source>
<database>MyDatabase</database>
<annotation>COCO2017</annotation>
<image>flickr</image>
<flickrid>NULL</flickrid>
<annotator>1</annotator>
</source>
<owner>
<flickrid>NULL</flickrid>
<name>Label Studio</name>
</owner>
<size>
<width>330</width>
<height>380</height>
<depth>3</depth>
</size>
<segmented>0</segmented>
<object>
<name>Cat</name>
<pose>Unspecified</pose>
<truncated>0</truncated>
<difficult>0</difficult>
<bndbox>
<xmin>20</xmin>
<ymin>14</ymin>
<xmax>292</xmax>
<ymax>364</ymax>
</bndbox>
</object>
</annotation>
