<?xml version="1.0" encoding="utf-8"?>
<annotation>
<folder>images</folder>
<filename>ad16642c-PXL_20210802_031809353.jpg</filename>
<source>
<database>MyDatabase</database>
<annotation>COCO2017</annotation>
<image>flickr</image>
<flickrid>NULL</flickrid>
<annotator>1</annotator>
</source>
<owner>
<flickrid>NULL</flickrid>
<name>Label Studio</name>
</owner>
<size>
<width>659</width>
<height>880</height>
<depth>3</depth>
</size>
<segmented>0</segmented>
<object>
<name>Cat</name>
<pose>Unspecified</pose>
<truncated>0</truncated>
<difficult>0</difficult>
<bndbox>
<xmin>0</xmin>
<ymin>150</ymin>
<xmax>401</xmax>
<ymax>573</ymax>
</bndbox>
</object>
</annotation>
