<?xml version="1.0" encoding="utf-8"?>
<annotation>
<folder>images</folder>
<filename>b2ba2b9a-PXL_20210802_031729015.jpg</filename>
<source>
<database>MyDatabase</database>
<annotation>COCO2017</annotation>
<image>flickr</image>
<flickrid>NULL</flickrid>
<annotator>1</annotator>
</source>
<owner>
<flickrid>NULL</flickrid>
<name>Label Studio</name>
</owner>
<size>
<width>660</width>
<height>880</height>
<depth>3</depth>
</size>
<segmented>0</segmented>
<object>
<name>Cat</name>
<pose>Unspecified</pose>
<truncated>0</truncated>
<difficult>0</difficult>
<bndbox>
<xmin>0</xmin>
<ymin>109</ymin>
<xmax>463</xmax>
<ymax>836</ymax>
</bndbox>
</object>
</annotation>
