<?xml version="1.0" encoding="utf-8"?>
<annotation>
<folder>images</folder>
<filename>b6134c80-PXL_20221016_151435281.jpg</filename>
<source>
<database>MyDatabase</database>
<annotation>COCO2017</annotation>
<image>flickr</image>
<flickrid>NULL</flickrid>
<annotator>1</annotator>
</source>
<owner>
<flickrid>NULL</flickrid>
<name>Label Studio</name>
</owner>
<size>
<width>527</width>
<height>937</height>
<depth>3</depth>
</size>
<segmented>0</segmented>
<object>
<name>Cat</name>
<pose>Unspecified</pose>
<truncated>0</truncated>
<difficult>0</difficult>
<bndbox>
<xmin>152</xmin>
<ymin>274</ymin>
<xmax>295</xmax>
<ymax>536</ymax>
</bndbox>
</object>
</annotation>
