<?xml version="1.0" encoding="utf-8"?>
<annotation>
<folder>images</folder>
<filename>b6a2f094-PXL_20220216_202043487.jpg</filename>
<source>
<database>MyDatabase</database>
<annotation>COCO2017</annotation>
<image>flickr</image>
<flickrid>NULL</flickrid>
<annotator>1</annotator>
</source>
<owner>
<flickrid>NULL</flickrid>
<name>Label Studio</name>
</owner>
<size>
<width>165</width>
<height>220</height>
<depth>3</depth>
</size>
<segmented>0</segmented>
<object>
<name>Cat</name>
<pose>Unspecified</pose>
<truncated>0</truncated>
<difficult>0</difficult>
<bndbox>
<xmin>15</xmin>
<ymin>47</ymin>
<xmax>164</xmax>
<ymax>209</ymax>
</bndbox>
</object>
</annotation>
