<?xml version="1.0" encoding="utf-8"?>
<annotation>
<folder>images</folder>
<filename>b987d174-PXL_20220913_101908203.jpg</filename>
<source>
<database>MyDatabase</database>
<annotation>COCO2017</annotation>
<image>flickr</image>
<flickrid>NULL</flickrid>
<annotator>1</annotator>
</source>
<owner>
<flickrid>NULL</flickrid>
<name>Label Studio</name>
</owner>
<size>
<width>495</width>
<height>880</height>
<depth>3</depth>
</size>
<segmented>0</segmented>
<object>
<name>Cat</name>
<pose>Unspecified</pose>
<truncated>0</truncated>
<difficult>0</difficult>
<bndbox>
<xmin>132</xmin>
<ymin>313</ymin>
<xmax>443</xmax>
<ymax>597</ymax>
</bndbox>
</object>
</annotation>
