<?xml version="1.0" encoding="utf-8"?>
<annotation>
<folder>images</folder>
<filename>badc19e0-Gato_enervado_pola_presencia_dun_can.jpg</filename>
<source>
<database>MyDatabase</database>
<annotation>COCO2017</annotation>
<image>flickr</image>
<flickrid>NULL</flickrid>
<annotator>1</annotator>
</source>
<owner>
<flickrid>NULL</flickrid>
<name>Label Studio</name>
</owner>
<size>
<width>1024</width>
<height>798</height>
<depth>3</depth>
</size>
<segmented>0</segmented>
<object>
<name>Cat</name>
<pose>Unspecified</pose>
<truncated>0</truncated>
<difficult>0</difficult>
<bndbox>
<xmin>256</xmin>
<ymin>26</ymin>
<xmax>896</xmax>
<ymax>740</ymax>
</bndbox>
</object>
</annotation>
