<?xml version="1.0" encoding="utf-8"?>
<annotation>
<folder>images</folder>
<filename>bd2f0510-PXL_20211121_221349646.MP.jpg</filename>
<source>
<database>MyDatabase</database>
<annotation>COCO2017</annotation>
<image>flickr</image>
<flickrid>NULL</flickrid>
<annotator>1</annotator>
</source>
<owner>
<flickrid>NULL</flickrid>
<name>Label Studio</name>
</owner>
<size>
<width>660</width>
<height>880</height>
<depth>3</depth>
</size>
<segmented>0</segmented>
<object>
<name>Cat</name>
<pose>Unspecified</pose>
<truncated>0</truncated>
<difficult>0</difficult>
<bndbox>
<xmin>181</xmin>
<ymin>293</ymin>
<xmax>545</xmax>
<ymax>722</ymax>
</bndbox>
</object>
</annotation>
