<?xml version="1.0" encoding="utf-8"?>
<annotation>
<folder>images</folder>
<filename>d03c65db-animal-6909429__340.jpg</filename>
<source>
<database>MyDatabase</database>
<annotation>COCO2017</annotation>
<image>flickr</image>
<flickrid>NULL</flickrid>
<annotator>1</annotator>
</source>
<owner>
<flickrid>NULL</flickrid>
<name>Label Studio</name>
</owner>
<size>
<width>504</width>
<height>340</height>
<depth>3</depth>
</size>
<segmented>0</segmented>
<object>
<name>Cat</name>
<pose>Unspecified</pose>
<truncated>0</truncated>
<difficult>0</difficult>
<bndbox>
<xmin>252</xmin>
<ymin>119</ymin>
<xmax>387</xmax>
<ymax>301</ymax>
</bndbox>
</object>
</annotation>
