<?xml version="1.0" encoding="utf-8"?>
<annotation>
<folder>images</folder>
<filename>d07aafa4-800px-Orange_tabby_cat_sitting_on_fallen_leaves-Hisashi-01A.jpg</filename>
<source>
<database>MyDatabase</database>
<annotation>COCO2017</annotation>
<image>flickr</image>
<flickrid>NULL</flickrid>
<annotator>1</annotator>
</source>
<owner>
<flickrid>NULL</flickrid>
<name>Label Studio</name>
</owner>
<size>
<width>800</width>
<height>1067</height>
<depth>3</depth>
</size>
<segmented>0</segmented>
<object>
<name>Cat</name>
<pose>Unspecified</pose>
<truncated>0</truncated>
<difficult>0</difficult>
<bndbox>
<xmin>252</xmin>
<ymin>141</ymin>
<xmax>696</xmax>
<ymax>1004</ymax>
</bndbox>
</object>
</annotation>
